{
    "_custom_": true, 
    "_ref_": 134237921, 
    "attach_models": [
        {
            "cast_shadow": true, 
            "material_alpha": 0, 
            "material_change": 0, 
            "material_color": {
                "__tuple__": true, 
                "items": [
                    255, 
                    255, 
                    255
                ]
            }, 
            "material_color_intensity": 0, 
            "model": 104640, 
            "offset": {
                "__tuple__": true, 
                "items": [
                    -0.18782997131347656, 
                    0.0, 
                    0.08240854740142822
                ]
            }, 
            "receive_decal": false, 
            "rotate": {
                "__tuple__": true, 
                "items": [
                    0.0, 
                    0.0, 
                    0.0
                ]
            }, 
            "scale": {
                "__tuple__": true, 
                "items": [
                    2.0, 
                    2.0, 
                    2.0
                ]
            }, 
            "use_physics": false
        }, 
        {
            "cast_shadow": true, 
            "material_alpha": 0, 
            "material_change": 0, 
            "material_color": {
                "__tuple__": true, 
                "items": [
                    255, 
                    255, 
                    255
                ]
            }, 
            "material_color_intensity": 0, 
            "model": 104037, 
            "offset": {
                "__tuple__": true, 
                "items": [
                    -0.04068565368652344, 
                    0.6299999952316284, 
                    -0.3770526647567749
                ]
            }, 
            "receive_decal": false, 
            "rotate": {
                "__tuple__": true, 
                "items": [
                    2.6453469553834697e-22, 
                    0.000002013784705445237, 
                    0.000002013784705445237
                ]
            }, 
            "scale": {
                "__tuple__": true, 
                "items": [
                    0.80000001192093, 
                    0.8000000119209294, 
                    0.8000000119209294
                ]
            }, 
            "use_physics": false
        }, 
        {
            "cast_shadow": true, 
            "material_alpha": 0, 
            "material_change": 0, 
            "material_color": {
                "__tuple__": true, 
                "items": [
                    255, 
                    255, 
                    255
                ]
            }, 
            "material_color_intensity": 0, 
            "model": 104038, 
            "offset": {
                "__tuple__": true, 
                "items": [
                    -0.3636798858642578, 
                    0.0, 
                    0.263126015663147
                ]
            }, 
            "receive_decal": false, 
            "rotate": {
                "__tuple__": true, 
                "items": [
                    0.0, 
                    0.0, 
                    0.0
                ]
            }, 
            "scale": {
                "__tuple__": true, 
                "items": [
                    1.5, 
                    1.5, 
                    1.5
                ]
            }, 
            "use_physics": false
        }, 
        {
            "cast_shadow": true, 
            "material_alpha": 0, 
            "material_change": 0, 
            "material_color": {
                "__tuple__": true, 
                "items": [
                    255, 
                    255, 
                    255
                ]
            }, 
            "material_color_intensity": 0, 
            "model": 104638, 
            "offset": {
                "__tuple__": true, 
                "items": [
                    0.5921955108642578, 
                    0.0, 
                    0.03151810169219971
                ]
            }, 
            "receive_decal": false, 
            "rotate": {
                "__tuple__": true, 
                "items": [
                    0.0, 
                    0.0, 
                    0.0
                ]
            }, 
            "scale": {
                "__tuple__": true, 
                "items": [
                    1.0, 
                    1.0, 
                    1.0
                ]
            }, 
            "use_physics": false
        }
    ], 
    "cast_shadow": true, 
    "collision_box": {
        "__tuple__": true, 
        "items": [
            [
                -5, 
                5
            ], 
            [
                -5, 
                -5
            ], 
            [
                5, 
                -5
            ], 
            [
                5, 
                5
            ]
        ]
    }, 
    "collision_height": {
        "__tuple__": true, 
        "items": []
    }, 
    "collision_points": {
        "__tuple__": true, 
        "items": [
            [
                -3, 
                -3
            ], 
            [
                4, 
                4
            ], 
            [
                0, 
                0, 
                0, 
                0, 
                0, 
                0, 
                0, 
                0, 
                0, 
                0, 
                0, 
                0, 
                0, 
                0, 
                0, 
                0, 
                2016, 
                2016, 
                0, 
                0, 
                0, 
                0, 
                0, 
                2016, 
                2016, 
                2016, 
                0, 
                0, 
                0, 
                0, 
                2016, 
                2016, 
                0, 
                0, 
                0, 
                0, 
                0, 
                0, 
                0, 
                0, 
                0, 
                0, 
                0, 
                0, 
                0, 
                0, 
                0, 
                0, 
                0
            ], 
            1.0
        ]
    }, 
    "description": -1181915779, 
    "effect_list": [], 
    "icon": 100000, 
    "key": 134237921, 
    "kv": {}, 
    "material_alpha": 0, 
    "material_change": 0, 
    "material_color": {
        "__tuple__": true, 
        "items": [
            255, 
            255, 
            255
        ]
    }, 
    "material_color_intensity": 0, 
    "model": 103014, 
    "name": -244839190, 
    "receive_decal": false, 
    "scale": 1.0, 
    "suffix": "", 
    "tags": {
        "__tuple__": true, 
        "items": []
    }, 
    "uid": "134237921", 
    "use_physics": false
}